"Subject","Dice"
"1",0.580989932376454
"2",0.278908983601029
"3",0.579565246293957
