"Subject","Dice"
"1",0.566766559330436
"2",0.287724495463803
"3",0.583009347340558
